Accession Number,Entrez Gene Symbol,Kinase,Mutant,Kinase Group
NP_055726.3,AAK1,AAK1,NO,Other
NP_005148.2,ABL1,ABL1(E255K)-phosphorylated,YES,TK
NP_005148.2,ABL1,ABL1(F317I)-nonphosphorylated,YES,TK
NP_005148.2,ABL1,ABL1(F317I)-phosphorylated,YES,TK
NP_005148.2,ABL1,ABL1(F317L)-nonphosphorylated,YES,TK
NP_005148.2,ABL1,ABL1(F317L)-phosphorylated,YES,TK
NP_005148.2,ABL1,ABL1(H396P)-nonphosphorylated,YES,TK
NP_005148.2,ABL1,ABL1(H396P)-phosphorylated,YES,TK
NP_005148.2,ABL1,ABL1(M351T)-phosphorylated,YES,TK
NP_005148.2,ABL1,ABL1(Q252H)-nonphosphorylated,YES,TK
NP_005148.2,ABL1,ABL1(Q252H)-phosphorylated,YES,TK
NP_005148.2,ABL1,ABL1(T315I)-nonphosphorylated,YES,TK
NP_005148.2,ABL1,ABL1(T315I)-phosphorylated,YES,TK
NP_005148.2,ABL1,ABL1(Y253F)-phosphorylated,YES,TK
NP_005148.2,ABL1,ABL1-nonphosphorylated,NO,TK
NP_005148.2,ABL1,ABL1-phosphorylated,NO,TK
NP_005149.3,ABL2,ABL2,NO,TK
NP_001096.1,ACVR1,ACVR1,NO,TKL
NP_004293.1,ACVR1B,ACVR1B,NO,TKL
NP_001607.1,ACVR2A,ACVR2A,NO,TKL
NP_001097.2,ACVR2B,ACVR2B,NO,TKL
NP_000011.1,ACVRL1,ACVRL1,NO,TKL
NP_064632.2,CABC1,ADCK3,NO,Atypical
NP_079152.3,ADCK4,ADCK4,NO,Atypical
NP_005154.2,AKT1,AKT1,NO,AGC
NP_001617.1,AKT2,AKT2,NO,AGC
NP_005456.1,AKT3,AKT3,NO,AGC
NP_004295.2,ALK,ALK,NO,TK
BAA36547.1,PRKAA1,AMPK-alpha1,NO,CAMK
NP_006243.2,PRKAA2,AMPK-alpha2,NO,CAMK
NP_848605.1,ANKK1,ANKK1,NO,TKL
NP_055655.1,NUAK1,ARK5,NO,CAMK
NP_005914.1,MAP3K5,ASK1,NO,STE
NP_004663.3,MAP3K6,ASK2,NO,STE
NP_003591.2,AURKA,AURKA,NO,Other
AAH00442.2,AURKB,AURKB,NO,Other
AAC77369.1,AURKC,AURKC,NO,Other
NP_001690.2,AXL,AXL,NO,TK
NP_060063.2,BMP2K,BIKE,NO,Other
NP_001706.2,BLK,BLK,NO,TK
NP_004320.2,BMPR1A,BMPR1A,NO,TKL
NP_001194.1,BMPR1B,BMPR1B,NO,TKL
NP_001195.2,BMPR2,BMPR2,NO,TKL
NP_001712.1,BMX,BMX,NO,TK
NP_004324.2,BRAF,BRAF,NO,TKL
NP_004324.2,BRAF,BRAF(V600E),YES,TKL
NP_005966.1,PTK6,BRK,NO,TK
NP_115806.1,BRSK1,BRSK1,NO,CAMK
NP_003948.2,BRSK2,BRSK2,NO,CAMK
NP_000052.1,BTK,BTK,NO,TK
NP_003647.1,CAMK1,CAMK1,NO,CAMK
NP_065130.1,CAMK1D,CAMK1D,NO,CAMK
NP_065172.1,CAMK1G,CAMK1G,NO,CAMK
NP_741960.1,CAMK2A,CAMK2A,NO,CAMK
NP_001211.3,CAMK2B,CAMK2B,NO,CAMK
AAD20442.1,CAMK2D,CAMK2D,NO,CAMK
NP_751913.1,CAMK2G,CAMK2G,NO,CAMK
NP_001735.1,CAMK4,CAMK4,NO,CAMK
NP_115670.1,CAMKK1,CAMKK1,NO,Other
NP_006540.3,CAMKK2,CAMKK2,NO,Other
NP_003679.2,CASK,CASK,NO,CAMK
NP_277023.1,CDC2L1,CDC2L1,NO,CMGC
NP_076916.1,CDC2L2,CDC2L2,NO,CMGC
NP_003709.3,CDC2L5,CDC2L5,NO,CMGC
NP_055891.1,CDC2L6,CDK11,NO,CMGC
NP_001789.2,CDK2,CDK2,NO,CMGC
NP_001249.1,CDK3,CDK3,NO,CMGC
NP_000066.1,CDK4,CDK4-cyclinD1,NO,CMGC
NP_000066.1,CDK4,CDK4-cyclinD3,NO,CMGC
NP_004926.1,CDK5,CDK5,NO,CMGC
NP_001790.1,CDK7,CDK7,NO,CMGC
NP_001251.1,CDK8,CDK8,NO,CMGC
NP_001252.1,CDK9,CDK9,NO,CMGC
NP_004187.2,CDKL1,CDKL1,NO,CMGC
NP_003939.1,CDKL2,CDKL2,NO,CMGC
NP_001107047.1,CDKL3,CDKL3,NO,CMGC
NP_003150.1,CDKL5,CDKL5,NO,CMGC
NP_001265.2,CHEK1,CHEK1,NO,CAMK
NP_001005735.1,CHEK2,CHEK2,NO,CAMK
NP_009105.1,CIT,CIT,NO,AGC
AAA61480.1,CLK1,CLK1,NO,CMGC
NP_003984.2,CLK2,CLK2,NO,CMGC
NP_003983.2,CLK3,CLK3,NO,CMGC
NP_065717.1,CLK4,CLK4,NO,CMGC
NP_005202.2,CSF1R,CSF1R,NO,TK
NP_004374.1,CSK,CSK,NO,TK
NP_001883.4,CSNK1A1,CSNK1A1,NO,CK1
NP_660204.1,CSNK1A1L,CSNK1A1L,NO,CK1
NP_620693.1,CSNK1D,CSNK1D,NO,CK1
NP_001885.1,CSNK1E,CSNK1E,NO,CK1
NP_071331.2,CSNK1G1,CSNK1G1,NO,CK1
NP_001310.2,CSNK1G2,CSNK1G2,NO,CK1
NP_004375.2,CSNK1G3,CSNK1G3,NO,CK1
NP_001886.1,CSNK2A1,CSNK2A1,NO,Other
NP_001887.1,CSNK2A2,CSNK2A2,NO,Other
NP_002369.2,MATK,CTK,NO,TK
NP_004929.2,DAPK1,DAPK1,NO,CAMK
NP_055141.2,DAPK2,DAPK2,NO,CAMK
NP_001339.1,DAPK3,DAPK3,NO,CAMK
NP_004725.1,DCLK1,DCAMKL1,NO,CAMK
NP_001035351.3,DCLK2,DCAMKL2,NO,CAMK
NP_208382.1,DCLK3,DCAMKL3,NO,CAMK
NP_001945.3,DDR1,DDR1,NO,TK
CAA52777.1,DDR2,DDR2,NO,TK
NP_006292.2,MAP3K12,DLK,NO,TKL
NP_004400.4,DMPK,DMPK,NO,AGC
NP_059995.2,CDC42BPG,DMPK2,NO,AGC
NP_004751.1,STK17A,DRAK1,NO,CAMK
NP_004217.1,STK17B,DRAK2,NO,CAMK
NP_569121.1,DYRK1A,DYRK1A,NO,CMGC
NP_004705.1,DYRK1B,DYRK1B,NO,CMGC
NP_003574.1,DYRK2,DYRK2,NO,CMGC
NP_005219.2,EGFR,EGFR,NO,TK
NP_005219.2,EGFR,EGFR(E746-A750del),YES,TK
NP_005219.2,EGFR,EGFR(G719C),YES,TK
NP_005219.2,EGFR,EGFR(G719S),YES,TK
NP_005219.2,EGFR,"EGFR(L747-E749del, A750P)",YES,TK
NP_005219.2,EGFR,"EGFR(L747-S752del, P753S)",YES,TK
NP_005219.2,EGFR,"EGFR(L747-T751del,Sins)",YES,TK
NP_005219.2,EGFR,EGFR(L858R),YES,TK
NP_005219.2,EGFR,"EGFR(L858R,T790M)",YES,TK
NP_005219.2,EGFR,EGFR(L861Q),YES,TK
NP_005219.2,EGFR,EGFR(S752-I759del),YES,TK
NP_005219.2,EGFR,EGFR(T790M),YES,TK
NP_055228.2,EIF2AK1,EIF2AK1,NO,Other
NP_005223.3,EPHA1,EPHA1,NO,TK
NP_004422.2,EPHA2,EPHA2,NO,TK
NP_005224.2,EPHA3,EPHA3,NO,TK
NP_004429.1,EPHA4,EPHA4,NO,TK
NP_872272.2,EPHA5,EPHA5,NO,TK
NP_001073917.2,EPHA6,EPHA6,NO,TK
NP_004431.1,EPHA7,EPHA7,NO,TK
NP_065387.1,EPHA8,EPHA8,NO,TK
NP_004432.1,EPHB1,EPHB1,NO,TK
NP_059145.2,EPHB2,EPHB2,NO,TK
NP_004434.2,EPHB3,EPHB3,NO,TK
NP_004435.3,EPHB4,EPHB4,NO,TK
NP_004436.2,EPHB6,EPHB6,NO,TK
NP_001005862.1,ERBB2,ERBB2,NO,TK
NP_001973.2,ERBB3,ERBB3,NO,TK
NP_001036064.1,ERBB4,ERBB4,NO,TK
NP_002737.2,MAPK3,ERK1,NO,CMGC
NP_620407.1,MAPK1,ERK2,NO,CMGC
NP_002739.1,MAPK6,ERK3,NO,CMGC
NP_002738.2,MAPK4,ERK4,NO,CMGC
NP_002740.2,MAPK7,ERK5,NO,CMGC
NP_620590.2,MAPK15,ERK8,NO,CMGC
NP_001424.3,ERN1,ERN1,NO,Other
NP_722560.1,PTK2,FAK,NO,TK
NP_005237.2,FER,FER,NO,TK
NP_001996.1,FES,FES,NO,TK
NP_075593.1,FGFR1,FGFR1,NO,TK
NP_075259.4,FGFR2,FGFR2,NO,TK
NP_000133.1,FGFR3,FGFR3,NO,TK
NP_000133.1,FGFR3,FGFR3(G697C),YES,TK
NP_075252.2,FGFR4,FGFR4,NO,TK
NP_005239.1,FGR,FGR,NO,TK
NP_002010.2,FLT1,FLT1,NO,TK
NP_004110.2,FLT3,FLT3,NO,TK
NP_004110.2,FLT3,FLT3(D835H),YES,TK
NP_004110.2,FLT3,FLT3(D835Y),YES,TK
NP_004110.2,FLT3,FLT3(ITD),YES,TK
NP_004110.2,FLT3,FLT3(K663Q),YES,TK
NP_004110.2,FLT3,FLT3(N841I),YES,TK
NP_004110.2,FLT3,FLT3(R834Q),YES,TK
NP_002011.1,FLT4,FLT4,NO,TK
NP_002022.1,FRK,FRK,NO,TK
NP_694592.1,FYN,FYN,NO,TK
NP_005246.2,GAK,GAK,NO,Other
NP_001013725.2,EIF2AK4,"GCN2(Kin.Dom.2,S808G)",NO,Other
NP_002920.1,GRK1,GRK1,NO,AGC
NP_892027.2,GRK4,GRK4,NO,AGC
NP_631948.1,GRK7,GRK7,NO,AGC
NP_063937.2,GSK3A,GSK3A,NO,CMGC
NP_002084.2,GSK3B,GSK3B,NO,CMGC
NP_002101.2,HCK,HCK,NO,TK
NP_689909.2,HIPK1,HIPK1,NO,CMGC
NP_073577.3,HIPK2,HIPK2,NO,CMGC
NP_005725.3,HIPK3,HIPK3,NO,CMGC
NP_653286.2,HIPK4,HIPK4,NO,CMGC
NP_001036065.1,MAP4K1,HPK1,NO,STE
NP_055401.1,HUNK,HUNK,NO,CAMK
NP_055735.1,ICK,ICK,NO,CMGC
NP_000866.1,IGF1R,IGF1R,NO,TK
NP_001269.3,CHUK,IKK-alpha,NO,Other
NP_001547.1,IKBKB,IKK-beta,NO,Other
NP_054721.1,IKBKE,IKK-epsilon,NO,Other
NP_000199.2,INSR,INSR,NO,TK
NP_055030.1,INSRR,INSRR,NO,TK
NP_001560.2,IRAK1,IRAK1,NO,TKL
NP_009130.1,IRAK3,IRAK3,NO,TKL
NP_057207.2,IRAK4,IRAK4,NO,TKL
NP_005537.3,ITK,ITK,NO,TK
NP_002218.2,JAK1,JAK1(JH1domain-catalytic),NO,TK
NP_002218.1,JAK1,JAK1(JH2domain-pseudokinase),NO,TK
NP_004963.1,JAK2,JAK2(JH1domain-catalytic),NO,TK
NP_000206.2,JAK3,JAK3(JH1domain-catalytic),NO,TK
NP_002741.1,MAPK8,JNK1,NO,CMGC
NP_620707.1,MAPK9,JNK2,NO,CMGC
NP_002744.1,MAPK10,JNK3,NO,CMGC
NP_000213.1,KIT,KIT,NO,TK
NP_000213.1,KIT,KIT(A829P),YES,TK
NP_000213.1,KIT,KIT(D816H),YES,TK
NP_000213.1,KIT,KIT(D816V),YES,TK
NP_000213.1,KIT,KIT(L576P),YES,TK
NP_000213.1,KIT,KIT(V559D),YES,TK
NP_000213.1,KIT,"KIT(V559D,T670I)",YES,TK
NP_000213.1,KIT,"KIT(V559D,V654A)",YES,TK
NP_004681.1,LATS1,LATS1,NO,AGC
NP_055387.1,LATS2,LATS2,NO,AGC
NP_005347.3,LCK,LCK,NO,TK
NP_002305.1,LIMK1,LIMK1,NO,TKL
NP_005560.1,LIMK2,LIMK2,NO,TKL
NP_000446.1,STK11,LKB1,NO,CAMK
NP_005981.3,STK10,LOK,NO,STE
NP_940980.3,LRRK2,LRRK2,NO,TKL
NP_940980.3,LRRK2,LRRK2(G2019S),YES,TKL
NP_996844.1,LTK,LTK,NO,TK
NP_002341.1,LYN,LYN,NO,TK
NP_004712.1,MAP3K13,LZK,NO,TKL
NP_005897.1,MAK,MAK,NO,CMGC
NP_005912.1,MAP3K1,MAP3K1,NO,STE
NP_001001671.2,MAP3K15,MAP3K15,NO,STE
NP_006600.3,MAP3K2,MAP3K2,NO,STE
NP_002392.2,MAP3K3,MAP3K3,NO,STE
NP_005913.2,MAP3K4,MAP3K4,NO,STE
NP_004570.2,MAP4K2,MAP4K2,NO,STE
NP_003609.2,MAP4K3,MAP4K3,NO,STE
NP_663719.1,MAP4K4,MAP4K4,NO,STE
NP_006566.2,MAP4K5,MAP4K5,NO,STE
NP_116584.2,MAPKAPK2,MAPKAPK2,NO,CAMK
NP_003659.2,MAPKAPK5,MAPKAPK5,NO,CAMK
NP_061120.3,MARK1,MARK1,NO,CAMK
NP_059672.2,MARK2,MARK2,NO,CAMK
NP_002367.4,MARK3,MARK3,NO,CAMK
NP_113605.2,MARK4,MARK4,NO,CAMK
NP_055790.1,MAST1,MAST1,NO,AGC
NP_002746.1,MAP2K1,MEK1,NO,STE
NP_109587.1,MAP2K2,MEK2,NO,STE
NP_002747.2,MAP2K3,MEK3,NO,STE
NP_003001.1,MAP2K4,MEK4,NO,STE
NP_660143.1,MAP2K5,MEK5,NO,STE
NP_002749.2,MAP2K6,MEK6,NO,STE
NP_055606.1,MELK,MELK,NO,CAMK
AAB60430.1,MERTK,MERTK,NO,TK
NP_000236.2,MET,MET,NO,TK
NP_000236.2,MET,MET(M1250T),YES,TK
NP_000236.2,MET,MET(Y1235D),YES,TK
NP_001020108.1,MINK1,MINK,NO,STE
NP_660186.1,MAP2K7,MKK7,NO,STE
NP_001129025.1,MKNK1,MKNK1,NO,CAMK
NP_060042.2,MKNK2,MKNK2,NO,CAMK
NP_872299.2,MYLK3,MLCK,NO,CAMK
NP_149132.2,MAP3K9,MLK1,NO,TKL
NP_002437.2,MAP3K10,MLK2,NO,TKL
NP_002410.1,MAP3K11,MLK3,NO,TKL
NP_003598.2,CDC42BPA,MRCKA,NO,AGC
NP_006026.3,CDC42BPB,MRCKB,NO,AGC
NP_006273.1,STK4,MST1,NO,STE
NP_002438.2,MST1R,MST1R,NO,TK
NP_006272.1,STK3,MST2,NO,STE
NP_003567.2,STK24,MST3,NO,STE
NP_057626.2,MST4,MST4,NO,STE
NP_004949.1,FRAP1,MTOR,NO,Atypical
NP_005583.1,MUSK,MUSK,NO,TK
NP_444254.3,MYLK,MYLK,NO,CAMK
NP_149109.1,MYLK2,MYLK2,NO,CAMK
NP_001012418.1,MYLK4,MYLK4,NO,CAMK
NP_059129.3,MYO3A,MYO3A,NO,STE
NP_001077084.1,MYO3B,MYO3B,NO,STE
NP_009202.1,STK38,NDR1,NO,AGC
NP_055815.1,STK38L,NDR2,NO,AGC
NP_036356.1,NEK1,NEK1,NO,Other
NP_665917.1,NEK11,NEK11,NO,Other
NP_002488.1,NEK2,NEK2,NO,Other
NP_002489.1,NEK3,NEK3,NO,Other
NP_003148.2,NEK4,NEK4,NO,Other
NP_954983.1,NEK5,NEK5,NO,Other
NP_055212.2,NEK6,NEK6,NO,Other
NP_598001.1,NEK7,NEK7,NO,Other
NP_149107.3,NEK9,NEK9,NO,Other
NP_699192.1,MGC42105,NIM1,NO,CAMK
NP_057315.3,NLK,NLK,NO,CMGC
NP_005100.1,OXSR1,OSR1,NO,STE
NP_620581.1,MAPK14,p38-alpha,NO,CMGC
NP_002742.3,MAPK11,p38-beta,NO,CMGC
NP_002745.1,MAPK13,p38-delta,NO,CMGC
AAB40118.1,MAPK12,p38-gamma,NO,CMGC
NP_002567.3,PAK1,PAK1,NO,STE
NP_002568.2,PAK2,PAK2,NO,STE
NP_002569.1,PAK3,PAK3,NO,STE
NP_001014834.1,PAK4,PAK4,NO,STE
NP_064553.1,PAK6,PAK6,NO,STE
NP_065074.1,PAK7,PAK7,NO,STE
NP_006192.1,PCTK1,PCTK1,NO,CMGC
CAA47004.1,PCTK2,PCTK2,NO,CMGC
NP_002587.2,PCTK3,PCTK3,NO,CMGC
NP_006197.1,PDGFRA,PDGFRA,NO,TK
NP_002600.1,PDGFRB,PDGFRB,NO,TK
NP_002604.1,PDPK1,PDPK1,NO,AGC
XP_001349680.1,PFB0815w,PFCDPK1(P.falciparum),NO,Pathogen
XP_001350280.1,MAL13P1.279,PFPK5(P.falciparum),NO,Pathogen
NP_631897.1,PFTK2,PFTAIRE2,NO,CMGC
NP_036527.1,PFTK1,PFTK1,NO,CMGC
NP_006204.1,PHKG1,PHKG1,NO,CAMK
NP_000285.1,PHKG2,PHKG2,NO,CAMK
NP_002637.2,PIK3C2B,PIK3C2B,NO,Lipid
NP_004561.2,PIK3C2G,PIK3C2G,NO,Lipid
NP_006209.2,PIK3CA,PIK3CA,NO,Lipid
NP_006209.2,PIK3CA,PIK3CA(C420R),YES,Lipid
NP_006209.2,PIK3CA,PIK3CA(E542K),YES,Lipid
NP_006209.2,PIK3CA,PIK3CA(E545A),YES,Lipid
NP_006209.2,PIK3CA,PIK3CA(E545K),YES,Lipid
NP_006209.2,PIK3CA,PIK3CA(H1047L),YES,Lipid
NP_006209.2,PIK3CA,PIK3CA(H1047Y),YES,Lipid
NP_006209.2,PIK3CA,PIK3CA(I800L),YES,Lipid
NP_006209.2,PIK3CA,PIK3CA(M1043I),YES,Lipid
NP_006209.2,PIK3CA,PIK3CA(Q546K),YES,Lipid
NP_006210.1,PIK3CB,PIK3CB,NO,Lipid
NP_005017.2,PIK3CD,PIK3CD,NO,Lipid
NP_002640.2,PIK3CG,PIK3CG,NO,Lipid
NP_002642.1,PI4KB,PIK4CB,NO,Lipid
NP_002639.1,PIM1,PIM1,NO,CAMK
NP_006866.2,PIM2,PIM2,NO,CAMK
NP_001001852.1,PIM3,PIM3,NO,CAMK
NP_001129110.1,PIP5K1A,PIP5K1A,NO,Lipid
NP_036530.1,PIP5K1C,PIP5K1C,NO,Lipid
NP_003550.1,PIP4K2B,PIP5K2B,NO,Lipid
NP_079055.2,PIP4K2C,PIP5K2C,NO,Lipid
NP_002721.1,PRKACA,PKAC-alpha,NO,AGC
NP_002722.1,PRKACB,PKAC-beta,NO,AGC
NP_872629.1,PKMYT1,PKMYT1,NO,Other
NP_998725.1,PKN1,PKN1,NO,AGC
NP_006247.1,PKN2,PKN2,NO,AGC
NP_214528.1,pknB,PKNB(M.tuberculosis),NO,Pathogen
NP_005021.2,PLK1,PLK1,NO,Other
NP_006613.2,PLK2,PLK2,NO,Other
NP_004064.2,PLK3,PLK3,NO,Other
NP_055079.2,PLK4,PLK4,NO,Other
NP_006245.2,PRKCD,PRKCD,NO,AGC
NP_005391.1,PRKCE,PRKCE,NO,AGC
NP_006246.2,PRKCH,PRKCH,NO,AGC
NP_002731.3,PRKCI,PRKCI,NO,AGC
NP_006248.1,PRKCQ,PRKCQ,NO,AGC
NP_002733.2,PRKD1,PRKD1,NO,CAMK
NP_057541.2,PRKD2,PRKD2,NO,CAMK
NP_005804.1,PRKD3,PRKD3,NO,CAMK
NP_006249.1,PRKG1,PRKG1,NO,AGC
NP_006250.1,PRKG2,PRKG2,NO,AGC
NP_002750.1,EIF2AK2,PRKR,NO,Other
NP_005035.1,PRKX,PRKX,NO,AGC
NP_003904.3,PRPF4B,PRP4,NO,CMGC
NP_775267.1,PTK2B,PYK2,NO,TK
BAA76843.2,KIAA0999,QSK,NO,CAMK
NP_002871.1,RAF1,RAF1,NO,TKL
NP_065681.1,RET,RET,NO,TK
NP_065681.1,RET,RET(M918T),YES,TK
NP_065681.1,RET,RET(V804L),YES,TK
NP_065681.1,RET,RET(V804M),YES,TK
NP_113668.2,RIOK1,RIOK1,NO,Atypical
NP_060813.1,RIOK2,RIOK2,NO,Atypical
NP_003822.2,RIOK3,RIOK3,NO,Atypical
NP_003795.2,RIPK1,RIPK1,NO,TKL
NP_003812.1,RIPK2,RIPK2,NO,TKL
NP_065690.2,RIPK4,RIPK4,NO,TKL
Q6XUX3.1,DSTKY,RIPK5,NO,Other
NP_005397.1,ROCK1,ROCK1,NO,AGC
NP_004841.2,ROCK2,ROCK2,NO,AGC
NP_002935.2,ROS1,ROS1,NO,TK
NP_001006945.1,RPS6KA4,RPS6KA4(Kin.Dom.1-N-terminal),NO,AGC
NP_003933.1,RPS6KA4,RPS6KA4(Kin.Dom.2-C-terminal),NO,CAMK
NP_872198.1,RPS6KA5,RPS6KA5(Kin.Dom.1-N-terminal),NO,AGC
NP_004746.2,RPS6KA5,RPS6KA5(Kin.Dom.2-C-terminal),NO,CAMK
NP_002944.2,RPS6KA1,RSK1(Kin.Dom.1-N-terminal),NO,AGC
NP_002944.2,RPS6KA1,RSK1(Kin.Dom.2-C-terminal),NO,CAMK
NP_004577.1,RPS6KA3,RSK2(Kin.Dom.1-N-terminal),NO,AGC
NP_066958.2,RPS6KA2,RSK3(Kin.Dom.1-N-terminal),NO,AGC
NP_001006933.1,RPS6KA2,RSK3(Kin.Dom.2-C-terminal),NO,CAMK
NP_055311.1,RPS6KA6,RSK4(Kin.Dom.1-N-terminal),NO,AGC
NP_055311.1,RPS6KA6,RSK4(Kin.Dom.2-C-terminal),NO,CAMK
NP_003152.1,RPS6KB1,S6K1,NO,AGC
NP_001019572.1,SBK1,SBK1,NO,Other
P0C264,SgK110,SgK110,NO,Other
NP_037389.4,SGK3,SGK3,NO,AGC
NP_775490.2,SIK1,SIK,NO,CAMK
NP_056006.1,SIK2,SIK2,NO,CAMK
NP_055535.2,SLK,SLK,NO,STE
NP_112214.1,NUAK2,SNARK,NO,CAMK
NP_060189.3,SNRK,SNRK,NO,CAMK
NP_005408.1,SRC,SRC,NO,TK
NP_543013.1,SRMS,SRMS,NO,TK
NP_003128.3,SRPK1,SRPK1,NO,CMGC
AAC05299.1,SRPK2,SRPK2,NO,CMGC
NP_055185.2,SRPK3,SRPK3,NO,CMGC
CAA06700.1,STK16,STK16,NO,Other
NP_112168.1,STK33,STK33,NO,CAMK
NP_543026.1,STK35,STK35,NO,Other
NP_056505.1,STK36,STK36,NO,Other
NP_037365.2,STK39,STK39,NO,STE
NP_003168.2,SYK,SYK,NO,TK
NP_663304.1,MAP3K7,TAK1,NO,TKL
NP_065842.1,TAOK1,TAOK1,NO,STE
NP_057235.2,TAOK2,TAOK2,NO,STE
NP_057365.2,TAOK3,TAOK3,NO,STE
NP_037386.1,TBK1,TBK1,NO,Other
NP_003206.1,TEC,TEC,NO,TK
NP_006276.2,TESK1,TESK1,NO,TKL
NP_004603.1,TGFBR1,TGFBR1,NO,TKL
NP_003233.4,TGFBR2,TGFBR2,NO,TKL
NP_005415.1,TIE1,TIE1,NO,TK
NP_000450.2,TEK,TIE2,NO,TK
NP_036422.3,TLK1,TLK1,NO,Other
AAF03095.1,TLK2,TLK2,NO,Other
NP_055843.1,TNIK,TNIK,NO,STE
NP_003976.2,TNK1,TNK1,NO,TK
NP_001010938.1,TNK2,TNK2,NO,TK
NP_057062.1,TNNI3K,TNNI3K,NO,TKL
NP_001012331.1,NTRK1,TRKA,NO,TK
NP_006171.2,NTRK2,TRKB,NO,TK
AAA75374.1,NTRK3,TRKC,NO,TK
NP_060132.3,TRPM6,TRPM6,NO,Atypical
NP_114417.1,TSSK1B,TSSK1B,NO,CAMK
NP_003309.2,TTK,TTK,NO,Other
NP_003319.2,TXK,TXK,NO,TK
NP_003322.2,TYK2,TYK2(JH1domain-catalytic),NO,TK
NP_003322.3,TYK2,TYK2(JH2domain-pseudokinase),NO,TK
NP_006284.2,TYRO3,TYRO3,NO,TK
NP_003556.1,ULK1,ULK1,NO,Other
NP_055498.2,ULK2,ULK2,NO,Other
NP_001092906.1,ULK3,ULK3,NO,Other
NP_002244.1,KDR,VEGFR2,NO,TK
NP_006287.2,VRK2,VRK2,NO,CK1
NP_003381.1,WEE1,WEE1,NO,Other
P0C1S8,WEE2,WEE2,NO,Other
NP_001106195.1,STK32A,YANK1,NO,AGC
NP_060871.1,STK32B,YANK2,NO,AGC
NP_775846.2,STK32C,YANK3,NO,AGC
NP_005424.1,YES1,YES,NO,TK
NP_006365.2,STK25,YSK1,NO,STE
NP_079328.3,YSK4,YSK4,NO,STE
NP_598407.1,ZAK,ZAK,NO,TKL
NP_997402.1,ZAP70,ZAP70,NO,TK
